0,1,2,3,4,5
42015,20,16,13,1
42006,19,13,14,16
56017,14,9,12,19
90015,2,11,15,9
37006,1,5,8,17
88013,11,16,10,11
62011,6,6,10,11
53002,9,15,12,20
35004,17,15,5,1
84001,8,7,12,12
8018,15,6,10,16
68008,7,5,13,13
36004,1,16,11,9
84005,13,12,9,19
2021,6,11,7,9
4002,8,8,10,2
86022,4,2,14,4
7001,4,7,11,19
17001,19,19,9,4
2007,16,14,14,3
51011,16,9,10,15
81008,14,6,1,17
63022,7,5,10,4
69001,17,13,10,20
66013,19,4,2,7
28008,9,14,4,19
61014,3,13,6,1
43002,12,7,11,1
18025,8,19,10,14
95018,17,8,6,5
85017,14,15,7,12
60024,20,20,14,18
83014,4,11,8,6
76025,2,2,13,11
48012,8,12,15,9
33011,7,1,5,18
81022,8,4,1,3
41010,7,16,2,1
13004,5,3,5,19
21010,2,13,8,1
88015,18,19,6,10
30020,6,7,3,13
36011,7,16,6,3
22007,13,12,4,4
16023,11,3,15,20
34012,5,13,7,2
83019,11,11,6,15
23005,20,9,7,1
31009,14,15,12,9
40013,16,1,15,8
37002,11,16,15,13
66005,13,19,11,20
57008,16,5,4,7
90011,17,2,8,18
97013,20,18,5,17
51004,8,7,2,4
3013,14,4,14,14
17006,8,19,7,11
63004,17,14,15,9
11002,3,3,4,17
94020,2,18,8,3
32004,13,7,12,1
50021,18,19,6,19
38013,17,18,13,9
48020,2,12,14,20
32024,6,9,4,18
88022,13,16,5,11
63016,12,5,6,14
32002,1,12,9,5
64018,20,13,4,8
38003,19,9,14,7
93002,20,11,12,19
78004,9,4,3,1
95005,3,10,3,13
25004,1,6,1,11
21014,9,3,9,19
50002,20,20,9,16
71001,19,10,7,18
25006,19,13,10,12
80021,15,17,6,11
38013,1,20,15,20
32018,16,17,12,14
19022,16,2,6,2
60003,17,9,10,14
57012,4,15,15,12
96004,4,17,8,10
36017,17,11,13,16
65001,12,12,14,9
55014,17,2,13,8
53002,16,10,11,1
58004,4,16,11,19
41006,10,14,4,10
73006,20,4,4,16
80009,9,1,2,11
96011,5,16,7,12
49025,16,11,7,16
60014,3,11,10,1
38005,19,11,9,7
29008,12,7,3,18
65009,10,13,4,12
15006,6,20,2,7
10002,6,17,4,10
6010,6,8,13,14
95025,6,18,6,10
88015,14,5,2,4
79001,10,13,2,18
97001,14,16,5,5
48014,14,3,8,6
75018,16,14,12,11
84012,7,20,3,4
42005,16,5,9,8
31004,5,7,15,19
2006,14,5,15,8
20023,16,17,13,4
41009,7,6,4,14
16019,20,17,10,10
11013,19,20,11,3
4007,15,16,13,2
14019,16,11,8,15
86007,8,1,12,13
87010,13,18,8,9
79023,6,5,9,2
99021,20,6,7,2
48002,17,14,7,9
60015,12,7,2,1
93018,10,4,10,7
71016,11,18,3,6
83013,12,10,13,5
92011,1,12,11,7
96003,18,4,15,10
43001,7,5,4,13
30023,5,5,1,2
17013,2,13,13,6
55025,17,17,8,4
82025,7,13,13,8
32003,20,20,9,3
82013,3,8,2,8
28013,15,3,13,4
20021,16,16,3,18
65024,12,18,6,1
58009,5,4,15,13
19021,7,20,11,5
41007,5,6,4,17
66008,17,16,9,6
30023,10,17,5,17
79011,6,14,6,5
82005,8,17,15,10
74005,1,18,7,14
80018,6,2,5,6
77020,13,9,9,9
59018,9,14,8,16
27018,1,18,12,17
64003,11,19,10,15
47005,19,1,3,18
100002,3,11,2,8
16019,10,20,12,9
24002,19,16,11,5
80024,4,6,7,20
56005,9,18,3,3
17019,5,10,9,18
18020,16,18,2,20
92024,13,16,6,16
74024,4,15,14,3
97004,4,14,13,6
90015,6,13,4,17
9012,6,18,9,19
48002,7,13,4,2
78001,12,4,10,16
59006,11,1,14,15
20002,15,4,4,15
76016,12,18,5,5
88003,8,15,10,7
47020,9,20,8,5
75002,15,9,12,11
36017,14,9,11,10
23017,15,7,6,9
9002,3,11,3,9
13010,15,9,6,4
90014,10,8,7,9
52007,5,3,12,17
18012,1,18,5,1
81023,9,12,5,11
79020,13,15,13,13
88015,12,20,9,10
9003,3,13,3,17
42016,13,9,9,20
1021,17,10,15,8
97005,7,13,11,14
18016,13,8,1,12
68008,11,12,12,5
72008,11,13,6,14
7024,6,8,4,10
66011,6,13,3,9
73009,9,10,14,1
88008,1,4,14,12
3017,4,10,4,17
42022,10,1,1,13
28012,8,8,4,7
29024,3,16,3,6
92021,10,9,11,13
72010,16,16,5,11
66009,17,13,9,14
4013,5,5,12,8
63019,8,6,11,18
28014,20,4,14,17
26006,1,4,8,7
48019,16,15,13,16
32015,18,13,15,19
49010,7,12,10,15
4024,18,8,2,14
83009,9,16,9,11
5025,16,10,11,5
65008,20,15,7,19
38016,13,12,12,4
40005,9,15,14,5
90014,8,20,9,19
2013,15,17,2,5
71002,14,1,3,8
50007,13,15,5,1
94002,5,18,4,20
11023,18,13,13,3
89019,11,5,1,7
82019,20,15,6,7
46013,11,6,2,5
61018,17,2,12,15
92005,4,10,12,1
53018,20,14,4,7
83003,7,4,4,7
57005,1,13,10,9
59012,6,13,3,12
43008,11,3,9,14
12002,16,14,1,15
76005,14,18,3,7
76020,13,8,12,4
64014,20,1,8,17
80002,6,6,9,4
53008,5,7,14,12
44015,11,6,5,14
11017,18,16,15,7
86010,12,10,13,9
86003,17,11,14,7
74015,20,3,11,10
10014,11,5,6,10
5020,9,19,7,3
57013,4,16,7,18
20025,16,13,2,11
20018,5,11,15,17
72010,10,10,14,1
34005,7,20,9,8
67015,12,9,1,14
4019,5,14,6,6
16005,5,20,7,6
18006,1,18,6,11
63004,11,16,8,1
100021,15,15,14,17
81007,15,16,5,6
43005,7,18,1,19
6002,9,15,4,1
8013,4,8,8,18
11017,5,14,3,1
22019,2,5,4,9
67002,10,9,9,11
20003,19,7,10,4
73025,18,15,4,15
49013,18,9,6,16
31001,4,3,8,8
62009,4,12,9,9
55015,8,12,14,2
98013,13,12,4,11
23003,8,16,7,11
45005,3,6,12,20
100014,11,20,1,9
89019,6,8,1,9
4010,3,14,4,3
66021,16,4,8,17
60020,6,8,3,10
10004,3,10,14,20
35008,11,15,2,1
12023,17,9,6,17
3011,15,7,6,7
69016,14,20,11,6
55020,6,4,1,14
17015,14,5,2,12
30001,19,14,15,11
63023,7,4,9,17
93018,5,16,9,20
24010,6,10,3,13
40024,17,9,9,8
41010,6,11,5,20
96017,9,7,7,4
23014,1,12,6,9
32020,10,20,15,14
68025,13,8,15,8
84019,19,13,4,16
95012,2,12,15,15
47025,11,7,13,1
50015,8,17,14,4
41020,15,2,15,14
35017,4,20,4,5
2007,6,8,15,5
5009,12,12,15,9
27006,1,4,4,19
6009,1,13,2,10
25023,18,1,4,6
67005,9,10,7,3
58025,3,18,12,9
89006,1,18,4,10
50012,8,9,4,11
44021,15,7,11,10
66003,19,12,9,7
8025,17,20,14,18
9012,15,8,11,15
19004,1,8,7,11
55021,18,5,14,5
40012,17,13,15,3
25025,14,16,1,3
33003,1,19,8,16
15016,20,5,9,3
8007,16,4,3,14
19002,16,17,15,20
94016,2,12,13,2
94024,2,6,12,9
87006,4,5,10,19
68001,12,14,4,10
74006,1,15,9,17
89022,4,7,14,18
90009,16,10,5,12
44015,4,5,9,8
76007,10,15,1,3
85018,16,17,2,4
78022,3,9,4,1
85009,4,14,15,5
88009,19,1,5,17
52013,14,18,15,16
35025,5,19,8,8
29005,4,17,10,19
49002,2,12,15,6
36022,11,7,2,1
56006,5,1,15,4
87019,11,20,9,5
81008,16,2,11,15
32024,4,14,8,13
14001,11,2,4,9
94019,15,19,9,9
73019,7,16,5,16
3016,10,8,10,13
50010,11,6,3,5
21024,15,13,13,4
36001,19,15,11,3
1025,13,14,2,15
3009,2,11,2,11
82001,12,5,13,15
71022,20,16,14,19
24022,12,10,1,2
62001,18,8,5,10
46022,13,16,7,16
24016,1,18,3,3
86014,7,15,11,2
70009,18,17,15,1
1023,6,20,2,17
81016,9,5,1,2
56001,10,1,15,2
75015,7,2,15,7
53010,2,13,3,6
99019,5,10,3,12
20023,12,19,8,19
74008,11,1,10,1
99020,5,20,8,16
26023,12,20,7,16
53021,10,10,10,2
94010,7,16,3,4
37010,13,5,10,2
1014,19,13,8,8
60018,12,12,5,8
2022,8,9,1,10
91001,9,8,6,7
17017,16,3,8,5
74024,20,7,3,15
45018,7,18,2,11
34021,12,5,6,15
92017,2,14,5,4
44017,20,7,7,12
57020,12,3,11,17
98016,1,16,8,17
96015,4,10,11,19
40011,8,17,14,4
55021,2,12,4,3
75014,4,19,7,19
64025,12,15,2,1
98005,15,7,6,17
60013,12,17,11,1
36012,13,1,3,11
70010,5,19,3,13
73002,9,13,13,13
76016,2,20,15,4
28014,1,8,10,18
22016,14,12,13,14
30025,8,18,9,20
43015,18,11,12,10
39024,6,16,15,12
48001,15,11,13,14
6017,16,13,8,18
16006,8,5,4,8
35005,17,13,10,10
3019,15,12,4,20
42004,20,17,9,19
6023,5,17,1,14
52018,4,13,10,4
49020,6,8,10,5
23004,11,4,5,19
60019,18,2,2,18
29018,6,16,11,18
68016,7,4,1,1
69012,3,5,7,9
50010,17,11,3,8
76005,13,19,3,14
10014,16,13,14,6
49009,13,9,13,13
31002,5,3,11,16
58016,7,19,2,10
63008,6,10,6,16
15021,4,18,6,8
20020,11,8,3,10
71024,16,16,6,18
39024,9,18,7,2
31005,4,16,14,16
34004,3,15,3,3
66003,13,16,12,2
83013,20,13,14,13
84001,8,3,10,9
54005,20,19,11,1
51008,4,8,7,16
96022,15,15,15,13
32012,11,8,14,16
79008,11,19,5,16
51010,10,11,15,12
33025,5,6,8,3
52023,15,20,14,6
69021,2,14,13,2
7021,5,20,11,9
20020,1,8,7,10
38017,5,4,9,19
57011,3,12,15,1
72022,6,10,5,11
76001,6,16,7,4
98013,20,16,7,6
12021,2,14,11,15
46019,12,14,12,17
81016,5,11,5,6
42001,16,19,8,17
26014,4,1,6,3
65015,8,19,15,1
24021,11,16,6,4
54021,14,8,4,6
98011,8,9,14,18
75007,3,13,2,15
55009,5,15,14,19
40020,17,17,1,19
23016,7,6,14,5
79019,15,10,14,16
96001,17,1,4,11
70023,9,12,12,10
77003,14,18,14,6
59024,2,3,6,17
80013,5,5,9,5
87023,11,17,13,1
76008,13,7,9,12
27021,4,10,10,5
64023,5,8,7,10
37010,17,20,10,17
87016,4,7,7,12
34020,6,11,9,12
94016,19,10,7,3
79024,16,18,11,14
23002,19,7,8,20
70024,20,7,12,9
50023,3,7,6,8
43021,9,8,10,10
3023,18,10,12,6
72005,17,13,11,11
40021,10,12,14,6
22018,1,14,11,18
71016,8,10,15,8
26009,12,9,5,14
84023,5,14,12,3
91004,3,13,2,1
20023,20,3,6,17
6019,12,19,15,19
23001,19,18,1,9
1006,1,7,4,17
15014,17,3,4,8
83024,2,6,6,18
16007,18,6,10,8
3011,8,15,15,20
63024,5,15,5,15
19013,8,20,5,6
50012,6,1,4,8
94011,9,7,9,9
4021,6,13,5,12
34022,20,20,3,6
31016,13,14,7,15
96010,3,17,12,16
65021,4,5,15,9
65023,9,2,13,4
21011,12,4,6,15
12001,12,6,1,8
1012,14,14,5,1
72015,8,4,1,2
36020,2,13,13,6
45012,1,19,2,8
55008,1,16,15,6
1001,14,9,14,10
42006,10,8,15,17
68013,17,3,10,1
20007,18,20,8,9
97017,13,20,5,14
100014,14,11,12,19
38017,5,1,2,6
46003,18,6,12,15
64009,18,15,5,12
2016,19,8,12,5
86019,13,15,11,2
27022,10,10,5,6
82004,15,16,14,6
71006,16,20,6,18
57019,18,1,3,10
23009,10,10,6,20
30011,13,12,7,7
22023,10,16,8,10
98010,16,9,6,16
97023,11,16,1,13
77002,9,6,13,11
88005,6,1,9,14
31018,8,9,5,17
73021,8,6,7,18
67019,3,3,11,20
17002,1,7,14,16
87007,20,14,3,8
83022,17,14,5,2
80005,19,10,12,17
21014,1,2,13,11
48012,10,13,15,5
59022,17,20,5,9
21014,20,8,9,11
48016,13,19,1,19
90025,10,8,13,14
76025,5,11,4,15
12019,13,12,8,4
25013,2,3,5,18
68010,3,17,6,10
2018,16,9,12,15
85013,14,19,4,18
92021,1,17,9,15
63012,7,6,9,7
47003,18,17,7,20
9009,17,14,2,5
91025,3,2,8,3
57012,10,3,15,8
42017,1,4,7,4
11014,3,11,10,19
84018,14,19,7,17
100017,2,18,5,4
80011,11,1,3,17
35017,3,20,10,14
68013,19,17,8,1
58015,20,1,4,13
74022,14,19,14,9
93005,6,16,12,13
21001,9,15,15,20
3014,4,11,12,19
75024,3,3,7,18
61009,4,1,4,19
70024,5,6,10,11
42012,8,11,3,12
16015,2,6,11,9
88018,14,10,7,20
22019,15,3,4,20
21001,19,18,11,13
72005,11,8,12,3
65019,8,5,1,15
90011,4,19,10,16
36019,14,17,7,4
98020,14,14,7,1
23014,17,8,4,4
36005,12,10,11,9
94011,9,19,11,10
22015,11,19,1,2
27004,6,7,9,19
59022,13,4,11,18
50008,2,2,14,2
39014,19,18,8,14
22003,11,9,2,11
58015,11,7,7,5
99025,16,2,5,6
5013,11,12,4,4
77020,13,4,2,12
2013,4,19,3,15
96005,12,12,13,15
69007,4,3,8,1
22018,3,19,9,19
17014,3,6,14,17
67022,1,1,11,13
64017,19,10,8,4
88024,5,8,6,20
92021,12,2,11,8
3015,16,7,7,11
99024,2,15,1,12
13014,3,18,4,18
56007,16,17,1,8
67020,1,20,4,3
84005,7,14,8,9
29022,19,5,6,1
100005,9,11,4,19
75011,13,15,9,5
89005,5,7,4,10
8017,6,8,15,9
26003,5,6,12,16
65015,17,6,13,15
21002,17,17,14,15
18015,1,17,3,6
32016,17,4,13,1
63005,8,16,12,12
85012,3,19,13,17
76014,11,1,12,11
54014,5,8,6,17
83018,9,10,13,9
73004,15,10,12,7
16024,15,8,5,9
56009,7,6,2,5
20019,4,12,6,19
69024,3,1,6,3
93003,13,15,4,19
28022,20,8,1,11
31006,14,7,4,2
4004,5,14,13,16
41014,11,19,14,16
24004,3,13,9,12
45021,5,3,5,17
52025,12,18,1,17
83001,18,16,2,10
29010,5,14,15,9
27002,12,4,5,2
59015,5,11,12,14
19016,3,2,15,10
57008,8,16,14,19
49021,5,1,6,10
66010,6,13,10,7
24016,11,10,13,9
48021,11,18,2,3
5015,5,15,7,15
50013,8,1,1,13
26001,19,8,8,8
17011,3,9,15,20
22020,15,20,8,4
13007,10,18,3,12
44024,1,20,9,11
90011,2,3,8,16
92005,16,13,13,6
74022,10,19,11,4
66022,17,3,1,4
69010,19,19,4,3
18005,8,2,7,12
50016,1,5,3,19
27007,5,12,7,10
71015,8,16,14,15
12010,15,10,3,5
10023,19,19,5,15
100014,1,10,3,10
37015,3,16,13,14
91014,10,16,11,9
21002,5,5,1,19
46012,13,20,5,9
68006,2,18,15,12
36022,11,10,2,5
97014,5,17,4,1
3019,7,13,10,2
4018,8,16,7,4
69009,9,18,7,15
15016,13,11,2,15
11007,13,19,11,18
38012,14,17,10,5
12014,17,17,4,20
39025,9,12,12,15
5012,12,11,14,18
7013,12,9,3,2
76009,20,12,7,11
12012,5,13,3,13
26002,9,12,3,10
67016,3,9,7,6
59018,15,18,7,3
81005,13,18,11,19
9011,7,5,8,12
47012,8,18,3,7
27011,5,2,14,13
56025,5,2,14,18
98002,17,8,12,19
28022,5,5,3,14
1016,7,15,13,20
29022,2,17,3,20
51024,17,14,7,10
18022,14,20,1,7
20024,20,14,5,17
77007,2,18,8,17
2010,10,10,12,12
27010,12,18,10,6
98018,2,12,7,18
65016,3,17,12,4
95008,20,19,10,14
67019,8,16,13,19
55004,11,10,8,15
58002,2,9,8,20
63018,8,20,14,9
99011,1,14,9,2
17023,20,6,5,20
53011,20,7,12,18
86009,14,15,7,13
61009,10,13,10,16
7019,6,13,9,14
57007,8,18,2,17
46015,4,9,6,12
55021,7,11,7,10
12002,10,17,15,9
14007,2,9,7,20
9005,8,13,2,10
27006,19,4,9,7
43006,19,14,11,5
13002,8,13,8,4
6001,13,15,14,6
95014,5,6,1,1
3001,18,5,11,11
37008,1,13,6,13
88010,12,5,2,14
77010,12,12,1,17
94023,16,1,13,6
2009,9,11,6,14
79005,6,14,13,3
95004,15,10,10,6
3010,2,6,11,4
55008,4,18,10,8
9013,7,15,9,14
1022,3,6,2,17
52005,8,15,11,2
89006,8,6,6,6
32020,20,4,4,14
83011,2,10,15,12
66025,15,17,1,3
46023,10,13,7,5
51015,7,6,5,3
23006,4,10,4,3
39017,20,16,1,19
100020,19,5,9,16
85014,13,9,8,16
86018,10,12,8,2
23013,14,9,4,9
53004,16,2,6,3
18015,5,3,11,3
89020,18,2,5,5
91005,9,10,1,19
85016,6,16,1,7
34004,10,12,7,20
64001,1,10,8,19
17007,15,1,5,20
96018,1,18,3,1
19005,18,13,6,15
80010,15,20,8,17
70011,14,12,6,2
96024,10,17,12,20
60010,17,8,2,4
91019,14,17,7,11
14007,12,6,2,4
100013,1,7,4,8
69011,7,10,12,10
41019,1,17,6,18
88015,13,6,13,9
82005,16,19,7,14
42012,11,14,4,19
29025,1,20,11,7
30014,12,1,11,12
51018,3,3,10,2
31007,12,18,7,18
32025,10,13,8,20
91009,1,4,3,12
66003,2,14,4,9
42015,16,20,7,12
62015,3,5,9,16
54010,10,3,9,18
18007,18,7,1,18
8013,17,19,6,17
7018,7,15,8,18
57021,12,1,10,16
15013,2,6,6,20
10001,14,13,7,19
23021,6,6,5,6
38004,4,1,3,13
97021,3,2,12,9
81015,16,10,15,18
72007,14,14,6,7
35007,18,9,7,19
14016,7,10,8,1
36006,14,8,7,15
81020,16,11,6,2
52016,3,14,2,8
39018,14,1,14,18
70008,15,17,4,13
89009,20,3,11,16
85008,12,4,10,17
59010,2,20,5,13
82002,8,13,14,11
100003,20,8,6,10
46020,13,19,9,15
65022,4,17,7,3
71014,3,7,15,19
60023,7,10,2,16
60003,3,11,3,10
70014,15,4,5,13
96010,12,13,14,5
48013,3,10,11,4
22019,12,15,13,3
65010,8,4,15,12
84022,15,19,12,9
11022,9,7,9,9
9009,13,6,10,4
67020,17,12,14,11
17005,5,6,15,2
20024,18,11,15,9
60005,2,20,11,16
95013,16,12,10,6
14014,15,3,2,10
11008,6,18,13,17
89009,12,8,12,18
77016,7,10,2,14
70016,12,13,12,6
5004,1,16,11,8
50011,12,2,1,10
99016,15,1,11,11
31004,18,17,5,16
71007,13,14,14,2
63013,5,4,15,2
55014,13,14,12,5
32011,15,2,11,5
49011,15,2,10,15
63020,3,2,10,11
40015,20,19,3,4
68010,4,4,11,5
51015,7,15,6,9
12020,2,6,8,11
36006,2,14,9,6
90021,20,15,6,10
21016,1,5,11,18
95001,18,7,5,10
98017,6,16,12,3
24020,1,19,13,19
25018,12,16,4,2
35005,4,17,1,2
73001,7,4,14,18
73024,19,11,11,6
56024,7,5,7,10
40013,19,7,8,15
17014,11,16,15,12
92011,4,3,14,3
47009,16,10,14,8
35003,18,14,5,7
59020,19,5,3,6
45007,9,2,14,20
90025,6,8,14,6
17025,19,17,10,14
80011,14,14,11,18
95020,17,18,15,14
75020,2,3,8,6
37002,17,20,5,11
81021,15,8,5,1
3016,14,14,9,19
44001,19,19,15,15
3015,9,6,12,17
81023,20,19,9,11
8011,12,8,8,1
12025,18,1,11,16
76013,18,2,9,18
24022,12,16,4,20
14008,15,4,2,8
29012,18,17,14,7
94009,9,6,11,4
100012,13,11,10,1
55015,5,3,13,13
76013,16,9,8,9
64009,2,6,10,3
55009,11,12,14,3
40002,15,20,15,19
29014,11,4,9,10
44023,12,16,8,2
19003,5,17,15,16
64004,16,1,2,2
100004,20,10,8,9
71002,10,2,3,13
28003,2,15,13,19
99018,3,4,9,13
56020,18,15,12,14
96025,17,7,1,19
1001,13,17,14,2
20017,19,2,13,11
66010,18,2,8,13
9008,19,3,12,6
16024,7,5,3,18
41003,20,20,6,15
89006,1,19,2,13
22023,4,18,11,18
58012,11,13,6,9
85009,15,16,11,7
11008,6,4,2,1
96002,16,11,15,4
69020,11,11,4,11
59012,9,19,9,10
99016,18,13,14,15
36023,7,16,14,10
66009,1,3,11,2
39018,3,16,14,1
56004,13,7,12,8
12017,1,6,15,9
60005,1,11,11,9
54008,7,1,11,20
57011,7,17,14,5
9019,3,1,15,11
17023,18,9,10,9
58011,10,9,6,7
35003,20,16,8,7
78023,7,2,4,7
43018,5,1,3,2
32018,14,12,3,3
60006,15,2,10,18
97004,20,19,4,14
82024,1,4,12,5
48004,17,7,1,1
27006,14,13,4,18
18011,19,1,14,8
2018,18,9,14,11
59020,11,15,15,4
67002,15,7,5,5
10009,2,12,1,11
47022,11,8,4,4
26019,8,4,12,11
72011,11,9,5,17
43010,13,6,11,19
14022,12,4,6,9
71015,20,16,14,16
21007,9,19,7,2
80014,17,11,2,18
71009,17,12,9,2
63001,6,14,7,1
69007,17,14,8,12
71005,13,9,8,1
77009,14,19,1,8
55015,1,13,14,11
92021,4,12,6,20
51003,1,20,9,10
95002,10,3,8,19
67003,9,20,1,2
30002,13,7,7,16
72021,13,13,4,4
6010,8,4,14,6
45014,5,7,3,12
7014,9,6,3,16
87005,8,19,1,4
26025,6,11,9,19
71017,15,14,1,10
86008,15,15,9,14
42010,7,6,5,19
96013,18,1,4,16
3012,2,13,9,1
38025,2,9,13,19
37013,1,4,15,1
41002,6,3,3,7
66021,7,11,11,17
7003,13,7,2,11
27009,7,9,4,16
80011,16,20,14,10
76002,1,17,4,18
30001,20,2,1,2
4023,19,2,5,12
98008,15,3,11,18
2015,10,13,4,5
52005,16,15,4,1
5019,19,4,7,6
27001,19,16,4,18
71024,15,2,11,13
29014,9,13,11,4
37010,18,17,4,1
93002,11,7,5,2
100020,14,11,15,7
58023,16,6,14,6
61007,6,18,6,19
43004,13,11,5,1
27009,4,14,10,11
27012,2,1,4,16
12008,8,14,4,14
95003,2,17,1,2
31013,2,19,8,7
85013,12,15,8,11
93014,15,6,6,8
77023,1,12,3,11
63009,18,10,3,15
3017,13,5,11,12
28011,14,6,12,1
82023,7,2,3,12
4007,16,14,6,14
28002,14,13,9,11
71011,15,20,12,5
49001,17,17,1,16
39009,18,7,2,18
19003,1,6,13,16
15016,20,5,9,13
25023,20,9,2,12
81009,9,14,7,20
55003,18,18,4,1
63014,14,16,5,11
26015,4,2,14,9
9001,1,6,6,4
48008,9,17,8,3
58023,5,17,5,5
33002,4,3,9,20
28011,14,8,5,5
75020,2,20,2,7
58012,9,4,14,16
98021,15,14,13,20
12022,3,13,4,1
62008,13,18,1,19
81018,11,3,5,7
89014,16,2,4,9
55011,1,4,14,10
69014,8,17,11,16
52008,9,1,5,9
100003,8,2,7,7
75002,13,15,10,1
9019,7,8,12,17
72021,5,17,14,18
40002,10,20,9,11
78015,5,20,6,1
11001,9,10,15,19
85002,9,9,9,10
99007,17,2,8,20
42020,11,20,6,14
78023,9,6,7,16
48016,3,18,11,5
77008,1,16,8,4
24022,15,5,5,15
72003,6,6,4,8
87020,10,12,7,3
34011,14,10,1,6
9010,20,14,1,2
69004,20,15,4,20
54014,9,6,5,18
26001,19,3,2,18
16003,5,11,14,10
8024,15,15,7,7
38017,7,7,7,20
36025,9,7,8,15
63001,20,6,3,16
9010,10,8,10,6
13012,14,15,3,8
91025,9,20,4,17
65021,14,11,2,16
11002,11,4,15,20
50012,7,13,1,3
82015,15,3,11,4
87014,9,11,15,12
27025,12,20,11,11
97017,4,17,6,3
97008,17,15,2,17
35006,18,11,14,14
78010,14,15,12,13
11006,14,1,7,6
69004,3,15,12,15
82010,17,5,14,16
36006,11,11,13,1
53022,13,9,3,6
84015,6,19,3,10
20013,20,6,14,6
4025,1,9,9,9
35017,6,14,3,14
64023,7,19,4,15
51016,11,10,14,8
35020,8,10,10,1
88005,7,7,3,6
46016,17,13,6,11
79005,1,5,15,19
61024,1,1,15,2
100005,6,8,4,15
4013,16,7,5,5
63009,5,20,1,11
21004,2,3,8,12
14003,17,1,5,11
14020,15,19,12,8
26024,7,1,5,13
52023,6,10,14,12
49011,7,6,10,6
55005,3,5,13,4
28006,14,1,2,2
79005,10,6,12,16
47007,13,4,14,14
30025,16,5,2,1
28022,17,4,3,6
74004,17,1,9,18
59023,4,4,9,2
37007,14,4,12,7
24014,3,12,3,17
26010,18,1,8,16
3012,11,14,9,15
40013,9,18,6,17
71016,15,13,4,17
49002,5,13,11,9
46014,15,19,6,13
42007,1,16,2,10
7005,12,11,14,9
10013,16,2,2,7
86002,13,6,5,15
45025,9,1,8,6
74018,9,5,6,6
77007,17,17,2,5
11001,5,13,4,16
30023,10,3,13,16
75003,10,10,10,3
21009,12,4,4,17
53024,16,17,8,4
45024,11,17,3,19
49008,8,14,8,2
4012,2,10,6,1
84012,5,16,7,5
15017,10,11,3,12
56008,11,5,11,13
77010,18,3,5,5
90020,13,18,10,10
62015,1,6,2,8
3013,14,12,13,9
38017,16,13,7,11
23014,3,7,3,19
24009,4,15,13,10
35015,11,16,10,8
29002,20,1,8,2
58002,19,16,12,12
71001,12,12,2,14
55024,5,6,10,12
84005,13,5,15,8
17022,16,3,7,15
18005,16,15,2,14
14001,9,9,8,10
62013,5,18,8,6
1014,10,14,15,2
62006,8,8,8,14
63019,20,10,5,13
5014,3,4,14,5
27003,9,10,5,18
50001,13,17,5,13
54002,20,9,12,17
37025,3,13,1,14
4009,3,19,9,11
2023,5,4,14,5
58001,17,14,9,3
26010,2,17,3,20
33001,19,20,10,20
78011,15,15,4,13
58014,15,2,10,11
9016,1,7,6,11
81021,10,2,9,17
11024,9,12,13,13
49001,5,17,2,3
25014,9,15,8,18
87020,20,17,11,15
24002,12,16,5,6
36011,16,12,2,14
55009,16,20,5,4
52005,10,3,4,17
9004,1,3,7,4
66019,7,1,4,11
66025,8,1,11,16
77002,14,13,3,20
94022,14,18,1,3
29009,8,6,11,9
66005,9,15,15,5
81022,4,5,4,14
66022,12,6,6,2
93002,13,19,6,19
93014,7,12,15,10
37008,9,1,5,20
46022,8,20,11,16
70001,14,9,2,5
13014,3,3,7,19
100022,7,11,15,13
99017,8,20,5,17
6006,15,18,1,5
83023,8,19,11,16
16016,9,18,15,12
27017,20,14,12,20
42014,11,14,3,7
100024,8,16,1,20
34016,17,19,12,2
46021,17,14,8,6
4015,19,5,4,3
93012,6,7,5,20
91021,13,12,6,16
81007,3,19,1,1
27011,2,9,10,11
99020,16,5,6,6
36002,2,4,13,3
55022,13,8,9,10
10006,6,18,10,13
42002,14,11,5,8
14018,19,9,10,14
49023,5,7,9,14
62014,8,1,13,13
72008,8,7,2,14
52006,20,5,14,7
95002,19,10,15,8
17015,8,12,11,11
76006,9,4,11,18
61019,10,16,7,3
59018,6,1,2,11
57020,17,17,1,11
6016,2,4,9,19
11025,4,14,11,1
87018,19,13,15,15
34001,3,4,3,6
92011,1,10,14,16
63025,18,13,10,3
6010,5,6,5,2
91018,14,4,15,14
50018,6,13,2,18
38020,8,10,7,18
42015,5,7,13,14
47002,1,6,3,20
97013,14,12,14,8
39004,1,2,13,9
76002,10,18,14,1
65013,16,20,4,15
37025,16,5,12,3
30010,8,10,7,8
2008,6,2,5,20
72015,11,11,13,16
85015,18,19,4,19
95010,20,20,7,7
81010,11,14,11,7
17020,12,6,3,6
35019,2,19,12,4
62018,5,4,13,13
40012,10,2,13,11
9017,12,10,12,2
57017,14,20,14,18
22005,12,18,4,8
51005,7,18,13,16
94010,17,12,13,1
66007,20,5,3,11
17021,3,19,5,3
99023,20,20,1,3
92004,4,17,6,16
60008,2,20,9,1
50012,7,19,1,15
78014,2,4,2,17
51025,11,17,1,11
2009,16,14,7,7
16008,19,15,4,15
48011,3,2,9,16
78010,14,10,15,2
51008,19,8,9,14
92025,20,6,15,1
29016,6,3,11,9
58006,4,11,4,10
45019,4,11,10,6
28002,5,3,1,8
8001,14,7,4,6
73002,6,13,14,13
66019,15,17,15,11
98009,14,1,10,18
2001,11,2,15,11
72022,14,7,9,14
82003,5,18,12,11
67004,4,17,2,20
9022,14,12,10,10
81014,10,11,6,4
71004,5,6,10,5
86017,4,16,11,15
81017,19,1,15,10
75011,19,14,12,20
19022,18,4,12,10
20025,3,15,12,3
30018,6,15,13,6
61025,19,20,15,9
10002,16,19,15,3
29001,1,8,9,18
74019,19,12,9,5
36025,2,11,4,6
14015,7,14,4,17
24005,18,10,10,5
33005,5,4,9,1
56002,14,11,15,14
27018,13,9,5,19
29005,13,13,6,7
35011,13,19,5,17
43010,3,11,4,16
42013,10,17,9,14
5016,4,7,1,3
75002,10,17,5,10
96025,7,7,13,2
46004,11,18,5,16
20022,14,7,10,14
98017,1,15,3,16
28004,10,19,5,4
87022,10,6,8,3
57005,13,10,15,2
15010,14,2,6,5
95017,6,7,2,5
99016,8,4,9,20
42023,6,8,3,10
16002,10,15,1,19
66002,5,1,14,17
100025,8,3,7,6
58013,1,7,1,6
65009,18,3,3,8
4025,4,14,4,1
76006,2,8,4,17
21016,19,3,8,15
59022,9,13,11,14
27023,9,8,13,11
30007,7,10,7,17
20025,15,4,9,13
64004,8,18,13,17
37013,6,12,8,13
48018,5,5,7,4
83019,15,6,8,11
21005,2,17,8,20
36009,13,8,14,13
13009,20,1,3,4
73004,6,10,11,8
10005,8,20,10,5
23007,16,12,10,10
40005,4,8,12,19
35020,17,19,12,11
39025,10,20,6,17
23010,11,6,14,10
80016,4,10,14,13
13016,3,15,8,11
52002,15,1,13,12
49007,13,13,3,15
60014,9,11,11,3
48018,18,15,10,16
12019,8,2,13,16
62007,14,19,2,11
60020,14,6,7,17
42017,2,8,2,12
26009,17,19,5,11
1007,4,6,5,3
17022,14,6,12,17
18003,4,2,13,10
43017,9,11,11,17
89008,17,19,13,12
6009,5,4,11,20
47006,18,19,3,14
92011,3,10,8,5
88012,18,12,8,18
36025,12,5,3,5
71023,15,20,6,10
1016,17,8,6,9
39019,10,3,4,12
38022,3,8,3,17
25025,1,9,1,15
68006,17,19,8,14
25013,16,16,8,8
37018,7,6,13,7
48013,18,11,13,20
75020,1,20,10,7
69010,19,3,8,3
52023,18,4,8,20
24024,14,18,4,3
84022,3,13,8,10
2022,14,4,1,18
75017,7,13,2,7
63015,14,12,8,16
31016,15,17,13,10
82013,2,13,2,16
65020,17,7,1,9
29019,8,3,11,9
90011,10,14,4,14
57022,10,16,15,14
73025,14,18,10,5
50013,12,1,5,2
29009,5,9,3,1
23022,3,18,10,16
26011,4,12,3,20
35025,7,11,9,6
39002,18,6,14,17
56020,12,4,3,2
65003,20,10,7,11
100020,12,1,8,11
63015,7,18,5,1
1025,19,13,2,17
46006,17,5,1,16
75018,4,5,2,20
69003,11,18,15,14
39017,13,7,14,3
86024,19,17,1,20
41021,12,14,10,19
96005,1,16,4,4
51006,12,18,3,3
86011,14,4,5,3
55003,6,4,2,1
65019,8,7,9,20
61024,16,18,15,17
67017,12,4,9,4
2012,17,20,10,16
39022,5,19,7,3
30001,6,19,9,14
21009,15,5,13,11
48003,2,4,2,2
83013,13,16,2,7
70021,10,7,4,16
61010,17,7,8,7
57017,2,7,8,14
91001,7,18,14,15
42011,17,4,11,10
19015,5,4,12,11
14008,15,7,4,9
41006,12,15,2,19
61025,19,7,12,3
98010,5,9,5,3
65003,2,15,1,20
7005,7,19,3,13
28001,18,10,13,2
41023,1,19,6,10
99011,1,17,11,15
32018,2,13,4,13
63018,14,11,8,1
45006,2,12,10,1
39013,20,18,11,5
53008,2,19,1,7
18002,1,6,14,10
92007,14,11,4,17
17023,17,5,15,7
20001,16,16,10,3
19023,2,1,1,17
80005,3,19,11,13
82003,15,14,11,18
76009,16,18,3,17
73001,14,11,6,9
83002,1,6,14,4
70017,18,5,7,10
53007,8,4,7,20
96008,3,8,2,2
10008,17,10,5,7
5025,20,2,15,13
24022,4,15,4,17
2018,10,3,13,16
97015,15,16,10,12
83022,16,5,8,10
74017,9,2,14,14
26005,12,9,11,7
23015,19,15,9,6
20011,18,17,13,17
17005,3,15,4,11
50014,19,5,10,9
20004,4,14,2,16
36004,12,19,9,11
21011,3,13,9,10
6024,6,16,10,7
85021,10,16,13,14
15022,4,20,7,3
77017,6,7,7,4
80012,16,11,2,5
84012,13,18,7,19
98004,10,13,5,17
56009,5,2,3,7
37004,20,1,15,11
56023,17,12,3,8
59005,12,20,7,18
56007,14,8,6,13
70018,8,12,1,10
39011,18,9,2,5
75023,19,16,1,4
76012,8,6,1,1
33001,9,9,10,9
21015,6,20,7,17
26011,14,10,2,12
48005,14,5,12,20
79017,13,7,4,5
15021,16,7,1,5
88008,2,20,14,10
5024,7,14,11,13
10001,18,19,5,9
38022,7,14,5,3
22003,13,5,14,4
64003,18,3,15,4
63004,9,10,12,4
80012,5,12,12,1
21003,5,19,11,14
100020,2,5,5,7
53018,15,18,2,6
37015,16,1,9,8
73008,16,1,4,2
83016,9,17,14,1
10016,2,4,10,16
53025,15,16,14,16
28001,20,9,8,6
24019,13,3,11,12
76009,14,4,2,2
45019,14,17,14,18
47019,14,19,6,7
71011,4,6,4,2
67013,15,16,5,13
73005,11,12,15,17
7015,18,18,8,1
87022,6,1,13,7
4014,4,3,1,9
2024,1,10,4,15
41007,16,12,8,20
90017,11,18,9,18
94025,2,16,12,4
85024,4,17,8,1
91021,9,5,7,12
77009,5,6,2,17
84004,13,7,3,6
12018,18,17,3,9
88011,19,15,12,11
100018,18,16,14,15
81019,5,4,11,6
31022,20,13,5,14
40023,6,20,12,5
1013,5,19,5,13
5012,5,11,2,13
46021,3,9,2,18
11022,1,17,11,10
33013,15,8,9,16
2009,8,17,4,7
91009,13,6,6,7
43015,19,13,5,15
73008,3,3,14,16
94021,18,7,4,4
40016,17,1,9,20
30005,15,4,11,13
7003,14,1,5,4
77012,3,10,2,6
49024,4,6,7,17
16025,14,5,7,7
75006,2,3,12,14
63011,16,8,8,10
63005,19,5,11,10
74007,5,6,14,6
53023,12,7,4,18
59007,4,6,6,5
76012,7,14,11,2
15014,3,14,5,13
84024,11,19,1,14
4024,18,15,7,7
83015,3,7,15,13
95001,9,2,14,4
21019,14,17,14,1
68003,9,3,3,7
72021,5,6,7,14
90011,3,6,4,9
13024,14,10,7,5
79021,10,19,14,9
5009,13,19,3,16
95010,13,2,15,17
69008,4,9,10,17
27024,17,3,8,18
88003,5,8,3,8
8013,3,1,1,20
68023,17,12,1,18
100002,11,11,5,12
46018,11,16,7,10
2010,14,2,8,16
56010,8,4,7,11
61011,10,4,8,10
55002,16,3,5,2
46006,16,5,3,13
67023,7,20,15,1
89018,11,7,8,4
79018,5,18,13,9
27009,20,14,1,6
46015,11,2,1,4
65017,13,5,3,4
31001,16,7,12,4
55022,18,7,4,16
72017,14,6,7,14
57010,1,14,12,11
85014,19,2,8,18
24025,4,1,3,7
88005,19,13,6,19
27012,18,13,8,9
29021,19,19,9,2
97018,2,20,9,15
11003,16,12,15,3
39015,13,1,13,20
77010,2,16,8,9
8016,11,7,14,14
95014,18,9,3,11
65020,1,10,3,10
48018,7,17,8,4
57014,20,9,6,9
93007,16,7,8,9
93012,15,10,13,7
34019,8,5,9,13
95015,15,12,8,10
15015,15,7,9,15
91002,4,11,6,18
4003,20,17,4,14
15018,2,3,12,12
71023,6,2,4,20
11009,10,17,10,20
4011,6,6,8,11
48014,20,15,15,11
53005,13,1,10,20
30016,12,10,7,7
98019,5,19,5,1
78008,4,15,3,16
99018,11,17,12,3
43006,17,4,12,18
84009,14,6,5,2
1009,13,9,9,19
12013,16,4,15,11
24012,8,2,15,12
50024,2,13,2,13
9021,8,15,3,13
99011,18,1,6,14
17009,6,7,9,5
67015,13,16,12,18
93005,13,9,2,11
25019,3,1,10,12
95008,12,2,8,5
69012,18,13,15,6
51006,6,2,13,19
85025,3,15,5,12
18007,10,7,2,14
37011,7,1,15,11
32011,14,14,3,3
67009,20,9,12,13
12009,4,1,8,3
39022,14,13,5,18
67004,5,17,9,6
75001,2,1,11,1
67004,9,15,12,2
84003,5,10,4,2
66022,15,9,15,14
28023,2,3,14,3
42012,8,9,7,10
44012,4,2,13,5
82009,5,20,10,5
62025,8,16,3,12
45009,6,3,13,16
46015,13,4,11,1
85024,4,9,5,1
57020,16,1,5,12
68021,11,5,13,19
81024,4,14,9,3
26005,17,5,1,4
54011,12,1,1,2
33005,6,1,3,10
45004,7,15,15,12
82018,5,20,8,5
94013,10,11,15,2
11025,7,18,7,4
30012,5,8,13,7
19007,18,16,6,12
80008,14,16,12,1
2011,1,1,1,5
83016,6,20,3,19
46005,6,8,8,13
15022,4,3,9,1
1008,3,8,3,17
97009,12,1,15,9
52008,19,14,3,19
9010,20,17,14,17
65010,15,4,2,1
75018,5,7,11,12
6023,2,6,10,1
35006,6,5,14,18
63015,4,14,9,10
69007,9,17,6,2
36017,10,13,8,17
30010,4,18,7,15
24008,10,15,4,10
57003,1,8,13,9
30007,18,17,9,10
87009,6,11,12,20
96007,9,2,4,16
18006,8,17,10,16
59004,10,19,8,9
65021,11,16,7,1
42018,19,2,9,10
45017,17,10,14,12
59001,17,4,3,9
69005,12,20,15,14
51006,4,11,8,2
63010,9,1,1,19
82012,16,19,12,14
19013,11,11,2,13
55017,5,10,4,6
83017,6,10,14,6
62011,10,3,11,15
82018,2,17,3,10
97012,2,12,7,10
58015,17,13,11,15
21002,13,16,13,13
16010,3,2,2,5
50005,10,9,1,4
33017,20,4,6,18
55022,2,1,4,19
71021,10,19,8,2
50025,8,5,6,17
54014,6,11,7,4
83014,10,6,7,12
35009,18,17,5,16
90011,4,17,2,6
34019,13,18,14,8
94015,3,11,2,7
27020,20,16,10,16
92025,16,5,11,17
93022,5,15,13,11
44023,11,5,2,16
33012,10,7,7,18
39001,8,12,8,14
71014,15,14,5,20
57022,4,15,3,11
43005,20,7,6,6
42022,17,4,8,19
66012,6,1,5,20
92023,20,1,8,5
58010,13,15,9,7
55007,14,9,9,16
33018,2,3,11,6
9019,2,18,11,1
85007,10,9,4,13
75012,17,9,14,8
96016,14,8,11,19
63015,18,17,13,1
17025,4,4,5,12
90025,13,6,8,18
46004,14,7,12,17
90002,9,11,1,10
99006,16,7,15,5
14022,7,3,12,18
55025,17,18,6,17
49012,20,20,13,12
70023,10,9,9,7
2020,8,6,13,9
45012,20,8,6,18
50001,13,14,3,5
80019,6,9,5,6
8005,10,9,4,5
95005,1,7,12,4
43009,17,6,8,12
23010,4,7,13,13
26022,8,1,12,2
12017,9,7,2,4
7024,8,12,10,10
26016,5,3,6,7
21001,6,9,7,18
2022,11,20,2,13
85009,6,2,5,19
93013,8,12,12,14
64023,7,17,8,12
39025,12,1,11,11
93003,4,1,13,5
37016,15,18,2,11
21001,11,16,4,2
91017,11,7,8,15
64003,5,14,9,15
63009,17,19,9,11
92014,6,9,8,14
63019,14,2,6,18
100024,6,5,12,10
42017,18,16,6,18
81011,8,10,15,18
32024,1,18,8,14
74004,14,5,2,2
41001,2,11,15,8
47021,17,10,8,7
63019,4,14,11,8
9006,7,4,5,6
55011,16,14,8,7
56003,4,16,14,13
38019,6,12,13,13
1001,14,1,1,4
36008,6,19,8,5
29011,16,11,15,3
56011,15,12,14,10
26009,13,13,15,17
14009,7,19,6,2
43011,12,19,14,4
52021,5,18,11,11
96001,11,7,4,19
89017,2,1,4,8
29021,11,16,11,7
36004,14,12,7,8
22010,8,12,9,11
63021,13,12,4,19
44016,12,4,13,5
20022,8,14,7,8
93012,2,14,14,5
14006,11,12,12,15
97003,2,19,6,15
44018,7,8,9,20
71017,1,11,12,9
88002,17,4,2,5
17011,20,11,4,6
24020,5,18,3,16
41006,20,2,5,8
41025,11,13,13,8
94008,16,18,1,9
83005,6,6,15,14
15001,20,8,5,4
14025,4,14,2,15
3007,2,4,15,19
98012,18,18,4,8
37015,9,3,5,9
32007,16,8,1,13
2005,12,7,1,13
93009,7,15,14,1
29017,7,10,11,3
77019,4,17,8,18
65009,6,13,14,2
21010,3,8,1,18
79014,18,7,13,14
51010,12,17,11,7
71004,12,14,1,20
2002,15,9,6,18
54002,12,4,10,5
36022,18,3,8,6
66003,17,7,14,18
80022,6,9,5,3
64018,17,15,6,14
32022,8,8,15,17
6005,18,1,3,17
72005,6,15,14,11
24001,7,9,9,17
45004,9,12,5,1
60015,2,12,4,18
17017,20,9,3,12
73010,3,2,4,1
39020,8,11,6,12
79004,7,7,10,8
58016,12,20,13,16
20004,2,17,3,1
47009,6,14,13,16
57007,18,14,2,8
50016,1,3,4,17
61018,17,14,4,1
15006,5,14,14,17
67020,17,12,1,19
91022,5,4,2,14
51019,1,3,3,14
80023,18,20,3,2
52025,14,16,13,15
71014,6,1,5,11
61024,14,16,12,11
26005,4,1,9,11
17007,20,16,11,14
96007,8,10,8,16
92006,1,2,11,6
96022,1,6,4,7
21011,8,11,13,4
6023,2,13,13,7
1001,15,14,8,7
78003,15,1,9,2
97003,8,18,10,13
71002,10,16,12,7
38009,10,12,6,19
51024,5,13,4,4
7004,6,5,1,2
11021,1,6,13,5
7011,16,20,14,9
6014,2,8,1,20
25020,15,2,14,3
44017,3,3,11,3
60014,13,16,2,13
95022,20,7,1,3
79014,17,8,6,2
7024,8,13,5,7
12012,8,9,1,5
40001,1,16,11,2
22010,13,20,8,15
31004,4,18,1,11
29012,4,11,6,11
52023,2,16,11,7
73024,19,12,5,14
32019,20,17,10,12
17002,10,7,11,7
51007,15,1,4,16
2022,3,4,7,18
33010,17,20,12,3
95016,8,4,3,13
54011,19,16,2,14
84018,12,9,8,20
87010,16,18,3,19
77011,6,15,10,4
69024,14,17,7,13
44018,3,19,5,11
27019,4,8,9,8
5004,15,15,1,12
5009,15,10,9,4
83015,10,11,6,18
88006,1,18,9,2
43018,17,3,10,20
60023,10,17,14,17
50006,11,14,12,19
28007,3,11,12,16
82019,8,20,13,7
10008,1,18,7,2
36024,1,19,12,15
16007,17,18,2,8
25018,4,10,8,10
11013,11,13,9,20
4005,17,3,15,1
42016,14,16,1,8
66003,1,18,15,19
43025,7,1,10,16
64016,13,13,10,2
53020,3,13,4,14
45022,6,18,3,17
96001,14,17,9,1
57019,10,2,9,1
55021,17,2,10,16
95006,18,9,3,1
88002,20,20,4,14
14011,9,14,7,2
64017,12,3,5,3
99024,15,12,12,12
29011,12,16,14,4
33015,20,20,5,5
75022,15,1,5,14
40020,7,18,13,2
46003,17,15,1,13
52004,3,9,7,13
99002,18,3,11,14
79023,17,6,5,2
10001,3,17,14,7
58008,14,6,14,16
57016,5,12,14,13
39007,9,6,11,4
8025,11,15,10,2
37020,8,11,1,11
18016,5,3,8,6
86008,11,14,9,17
17012,13,14,12,4
61005,5,19,15,11
50009,15,8,9,7
71011,9,6,15,17
50017,14,14,11,14
97006,11,2,5,4
11018,4,1,2,10
64017,3,17,11,7
80025,19,4,12,13
91023,16,5,1,1
96005,4,13,8,8
28025,20,19,7,3
81010,14,3,1,4
3021,15,19,5,12
79024,11,18,6,11
41011,12,14,13,14
95003,5,12,9,17
16008,11,20,5,13
13005,19,2,15,8
65014,8,15,12,13
62012,20,8,5,19
34002,14,6,15,7
29001,11,4,1,18
14023,12,7,4,9
18014,7,13,8,15
48005,1,9,2,12
51003,3,13,11,10
98001,10,1,12,2
70020,9,2,6,18
63021,3,8,8,10
47007,6,15,11,18
50008,2,1,15,4
41005,20,20,12,11
11015,10,2,8,15
94002,17,13,11,11
69003,3,20,5,3
86001,2,10,13,1
35023,2,5,12,15
70019,14,16,5,6
68007,19,18,9,12
52010,6,10,14,15
45014,10,13,3,10
73005,7,18,14,15
56005,15,18,5,17
65001,8,14,8,12
57006,1,11,5,1
28014,9,19,6,18
20018,13,14,15,11
50004,8,14,12,7
81007,8,18,7,5
13014,2,1,6,9
10017,7,13,2,9
57014,16,14,12,13
10016,13,4,2,11
34016,12,17,13,11
43003,6,15,5,3
90004,4,1,11,16
1018,6,17,11,10
4022,20,14,10,8
50025,14,8,13,8
57011,3,15,13,9
99002,8,12,13,10
54022,2,5,5,8
33016,9,5,14,14
85009,20,18,8,2
88012,10,7,13,4
44004,20,15,13,17
85001,3,6,7,18
98020,5,13,2,5
31016,8,17,13,11
75024,14,12,3,12
11015,5,14,4,14
14009,10,5,11,1
42025,18,18,10,19
84007,16,2,6,18
8003,16,17,9,13
18015,17,5,5,7
52017,13,19,7,3
99012,10,9,2,9
23020,17,14,11,14
31009,1,18,13,11
38017,15,19,11,5
44011,8,10,14,4
53025,18,13,13,9
35008,13,2,3,11
6010,11,16,3,8
29005,5,13,5,17
12007,7,16,11,16
17022,15,9,6,15
91019,4,1,15,7
69024,11,2,11,13
82009,9,5,3,4
55016,15,8,13,8
36024,4,10,14,4
5007,9,19,13,15
80013,16,16,4,11
84010,16,9,1,13
97022,18,10,12,3
96021,6,12,7,2
91022,13,16,13,5
28017,20,6,4,15
96004,19,4,14,20
48022,13,6,6,6
26010,2,5,1,10
55008,14,19,9,16
49009,2,14,6,8
70008,13,19,13,6
20001,14,3,1,11
43015,17,1,14,3
11022,15,16,2,15
51006,5,4,12,12
40025,7,3,15,4
76010,9,5,9,11
6003,20,12,11,6
7008,9,13,10,10
55015,17,4,10,18
5011,19,1,5,19
76017,8,5,6,3
64008,5,7,12,12
93012,1,12,9,5
39018,19,10,6,1
28002,13,18,3,7
9024,5,7,3,16
97020,5,5,4,6
74007,5,9,6,3
44003,12,4,7,4
75008,11,16,10,10
98022,13,11,10,12
48008,7,3,4,12
67002,8,12,6,8
6009,13,10,2,6
37008,18,16,10,7
100006,15,9,12,1
69024,3,18,6,14
8006,20,9,9,15
6002,15,20,2,19
82007,6,3,9,20
49005,13,8,10,4
36016,12,3,14,3
90024,5,16,2,18
63017,10,5,11,3
71008,1,20,1,14
46024,15,3,11,16
52024,16,18,2,6
85012,5,16,4,3
8024,9,6,5,7
93009,9,8,13,6
74020,4,19,8,2
7025,15,2,4,3
74010,7,11,7,5
60024,5,14,9,9
6004,19,1,6,8
43001,8,2,1,2
32017,1,9,13,10
34024,1,18,10,8
39010,3,19,5,11
5002,19,18,2,7
13009,19,12,10,9
35014,5,6,3,2
74021,18,15,8,4
67008,3,16,6,19
43010,15,17,7,11
22013,17,1,12,3
92009,12,18,14,1
12015,1,9,15,10
4023,12,6,6,13
41002,4,19,5,12
20023,4,17,15,20
63008,1,3,11,6
32022,6,3,2,20
87018,19,3,13,14
41023,7,10,6,17
76022,1,5,3,17
82024,15,16,1,2
98008,8,7,15,6
74013,3,8,8,17
68024,14,20,6,2
77001,18,8,12,2
44015,18,11,5,3
68023,3,3,6,4
78025,9,2,3,16
36018,9,3,7,16
47017,4,5,1,7
10022,6,16,4,13
68022,12,12,9,18
71018,12,16,4,6
47023,13,11,6,12
28013,10,2,8,15
18001,17,6,6,12
98015,11,9,14,19
47008,7,2,3,7
75005,5,12,2,17
78020,4,4,1,16
30006,6,6,11,3
30013,10,20,1,20
35004,17,8,10,1
7003,7,19,1,3
58017,18,10,5,5
18025,20,15,12,20
58006,17,19,15,15
86015,10,6,2,6
6023,20,12,6,6
88022,17,3,14,4
79011,8,7,10,9
21014,12,15,7,1
87016,12,10,6,11
84008,3,7,11,6
75012,14,12,1,4
15008,19,14,7,1
78010,11,6,1,20
72002,5,2,3,8
91015,7,6,13,18
80001,14,17,2,4
43007,14,11,12,2
12016,8,13,3,20
48011,1,9,2,16
3015,17,14,15,4
32018,14,16,6,7
58020,15,17,7,17
96014,12,5,7,5
24025,7,17,10,18
55017,12,20,3,3
86005,17,20,13,7
17021,17,1,12,8
64019,2,20,15,20
59002,1,10,3,11
25008,7,2,14,1
68018,6,1,4,10
15010,5,16,2,16
99003,16,8,7,12
90018,3,20,4,3
89018,17,8,11,11
67010,10,6,8,9
58007,13,11,4,9
56005,13,5,13,16
24016,3,10,5,4
83016,11,1,9,11
40019,8,12,11,17
4007,5,4,4,8
64021,17,8,15,6
21007,14,18,3,20
86017,16,3,4,11
21021,14,5,14,6
24001,12,5,1,20
66012,17,20,4,18
90009,14,19,4,3
75019,4,5,4,9
45004,16,20,13,15
59010,5,8,6,2
52024,3,15,13,4
80025,7,17,10,20
24005,6,15,1,6
85011,19,19,12,8
63022,9,1,1,14
40015,2,17,9,1
78023,18,19,9,4
100008,8,15,8,1
89003,8,10,8,14
62015,17,17,10,8
16024,17,15,6,12
48007,19,5,5,3
68010,17,8,14,6
48016,18,15,5,13
32004,12,5,7,11
71004,17,20,8,19
4005,20,2,4,20
38002,9,12,4,4
59023,19,7,12,4
73016,9,10,10,2
39023,5,1,4,15
89002,19,10,13,20
5018,8,9,14,3
78013,5,3,15,1
20018,8,18,10,20
50004,14,16,9,8
12004,4,1,8,13
61019,5,19,9,8
77013,1,5,13,12
35002,1,16,15,12
88024,15,9,14,10
83016,15,11,3,18
78019,13,19,9,16
81014,16,18,10,18
13003,9,2,3,10
1023,18,20,13,14
65020,11,16,2,8
4019,8,9,4,6
80016,16,11,1,10
10021,12,9,4,1
33017,5,8,13,17
14018,16,15,3,17
18014,12,1,7,5
2013,16,13,13,8
5023,8,5,8,2
78012,20,2,6,17
30010,6,14,9,11
98017,19,14,4,16
52011,20,5,8,2
45011,16,12,2,18
44004,2,16,5,12
19007,7,9,5,7
57012,1,10,15,14
69019,17,16,6,19
74004,7,5,12,18
59021,6,15,3,15
43001,2,17,5,13
89015,6,3,14,20
35005,16,5,15,16
59014,11,1,15,18
91008,20,4,3,18
96006,18,4,7,19
5011,11,14,6,19
47019,16,20,8,7
75022,7,18,10,11
83018,9,14,8,13
71020,15,1,3,13
12021,5,1,14,20
33003,3,7,5,2
42001,16,20,10,10
74024,14,2,15,13
64007,3,20,14,7
48022,19,9,7,12
16023,2,3,11,11
4019,18,3,15,3
42006,13,17,8,9
22003,8,4,10,6
44003,19,1,6,1
27006,5,5,3,16
19008,11,17,3,5
12006,12,3,8,1
96006,16,19,14,10
87022,7,15,7,5
98011,10,11,7,9
24011,11,8,7,8
8017,1,16,14,18
92007,8,3,12,13
55008,11,11,14,18
52005,20,4,5,18
14013,15,14,7,8
3016,19,14,3,5
66002,1,2,15,8
65013,2,16,3,10
66012,4,16,7,20
68010,14,20,1,8
22021,13,6,1,17
74013,8,15,6,2
96003,12,15,8,19
10025,13,19,7,9
63002,1,16,12,6
83024,8,15,1,3
96020,12,2,4,2
85022,1,7,8,15
18018,14,17,8,1
35022,12,18,12,15
84024,5,2,5,13
60009,2,7,1,5
34021,13,20,12,15
80016,12,20,10,11
98007,7,3,1,11
46015,16,14,13,8
3018,1,7,14,8
1018,10,7,7,6
94007,19,4,11,20
83002,6,13,5,13
37024,14,10,2,16
89020,5,10,1,8
64011,10,19,7,3
73003,9,14,13,7
94004,3,10,11,2
34020,2,7,4,16
25018,15,18,4,12
60007,12,6,15,19
27021,18,1,6,12
43019,20,9,5,20
31019,6,16,5,10
89024,14,5,8,7
50013,8,20,15,20
31007,15,19,2,15
14003,20,2,3,15
100007,15,19,13,9
19013,9,13,15,7
78008,1,7,14,12
78016,3,12,11,14
64023,3,18,10,13
78003,4,18,6,11
97008,1,19,5,15
100014,9,17,2,14
88024,9,15,7,15
75019,2,3,8,3
21016,17,10,5,10
47008,2,1,6,6
100022,9,15,15,2
15011,20,1,10,13
83020,12,8,7,11
28008,2,19,7,13
67024,10,9,14,17
49005,8,15,6,19
93021,10,8,6,6
94012,10,4,1,16
40025,20,7,9,14
58018,7,1,4,1
8010,12,17,11,10
94004,7,9,14,4
31021,15,4,9,17
96019,14,3,3,17
94014,11,2,4,14
87008,3,18,5,11
16019,14,13,12,17
10010,12,2,5,2
11001,18,3,3,12
7008,5,2,11,10
72005,13,2,9,4
54010,2,17,14,20
31006,19,17,14,14
71008,11,20,13,18
36023,12,7,1,7
3020,8,20,1,6
35002,2,16,5,10
99018,17,14,7,5
98019,15,9,8,19
87003,1,9,9,9
72006,3,15,6,18
67023,16,6,11,10
60020,10,4,15,18
32013,16,14,13,13
5015,12,5,15,5
56002,5,7,3,17
84006,20,3,11,10
2023,6,5,11,16
1022,15,9,6,3
8019,19,12,10,4
41024,7,5,7,16
53009,16,12,6,14
54007,6,19,8,13
94010,19,20,13,11
48011,7,13,14,6
81002,2,6,8,3
41008,12,16,5,14
90004,12,6,2,15
31017,11,9,7,15
43002,20,17,9,9
78013,17,4,3,9
55003,1,1,6,17
52001,6,18,4,4
37013,8,2,13,19
96024,7,8,2,16
72021,15,4,6,8
81009,12,5,14,4
14020,17,18,13,15
51009,14,1,3,2
64001,12,17,3,10
18006,11,19,14,6
65016,11,1,5,17
27012,16,1,12,5
33005,6,20,5,20
86022,10,16,8,7
13022,12,16,7,13
32019,13,4,9,9
64020,5,19,12,11
40018,2,1,15,13
87022,14,9,3,12
23005,5,11,10,8
15014,8,7,2,8
2010,13,19,14,9
88019,12,15,14,6
44005,4,1,3,18
7001,17,20,3,3
94020,2,6,3,15
14002,20,6,3,3
54006,13,17,15,11
47002,20,10,15,9
70008,16,16,15,14
98018,5,11,14,3
51022,14,17,2,8
85007,3,3,6,13
4014,1,16,3,10
64017,15,11,9,19
3008,1,9,9,1
36013,2,8,9,8
74011,12,10,10,12
44021,17,15,11,20
8001,13,10,11,1
21002,10,1,12,10
22019,7,3,6,12
16023,7,13,13,8
44006,5,13,5,5
88016,12,16,5,10
27010,11,17,10,12
17007,15,13,11,17
23018,15,15,7,14
56025,14,19,12,1
96025,3,7,12,14
69011,13,6,14,4
32002,16,3,7,1
59023,20,6,2,4
56011,3,4,5,14
84020,20,10,1,13
92024,13,16,6,1
19005,8,7,4,19
14005,18,19,5,19
21005,15,16,6,1
32023,10,20,8,17
36001,12,4,13,13
25024,2,15,5,5
53001,20,2,11,11
79014,13,7,4,18
36009,10,8,10,4
80006,9,8,11,2
69003,5,13,3,7
11019,7,8,3,9
52005,12,3,3,2
97016,20,13,8,1
18018,13,17,12,8
1001,2,15,8,11
19007,5,19,1,12
51023,11,10,12,8
42023,15,2,8,17
13024,6,14,5,15
77010,10,6,4,10
24006,18,1,11,5
93009,3,14,10,14
67025,9,19,3,16
58016,11,12,6,10
89025,11,8,10,14
10011,1,6,13,6
38021,1,4,1,5
13005,11,18,8,10
4009,10,3,3,7
60005,16,15,12,11
98022,13,1,7,16
95014,1,19,14,4
15018,18,6,10,11
3017,9,17,6,11
13010,11,11,9,9
52023,16,5,15,19
68018,4,5,3,13
95022,10,5,2,17
6019,3,16,5,16
57014,20,8,14,10
14016,19,4,8,1
82014,8,18,13,5
67012,16,11,7,5
29018,8,2,3,19
29016,12,20,10,16
39003,11,19,1,3
34025,19,18,4,6
26015,13,10,2,16
91006,5,13,4,10
49017,20,14,11,1
54006,19,12,6,11
70022,5,4,4,20
1003,4,14,9,11
74021,16,5,3,14
86015,12,5,8,17
34009,14,4,10,9
82010,15,11,14,11
28010,20,6,10,18
8010,13,3,4,12
87003,13,19,7,7
8009,10,20,7,16
25023,8,15,15,11
13021,7,4,1,16
